school_id_proposto,inep,nome_oficial_censo_2025,localizacao,distrito_censo,endereco,numero_complemento,bairro,cep,telefone,email,codigo_rede,own_building,hard_access,classroom_count,status_censo_2025,fonte,ano_fonte,divergencias,confidence,needs_review,lista_inep,lista_nome,lista_aba
inep-33001464,33001464,E M CHORAO,rural,Itaperuna,,,,,,,,,,,em-atividade,INEP Microdados Censo Escolar 2025 v2 (Tabela_Escola_2025_V2.csv),2025,,alta,False,33001464,E M CHORAO,Rurais
inep-33001510,33001510,E M DR AUTO DE OLIVEIRA PINTO,urbana,Itaperuna,,,,,,,,,,,em-atividade,INEP Microdados Censo Escolar 2025 v2 (Tabela_Escola_2025_V2.csv),2025,,alta,False,33001510,E M DR AUTO DE OLIVEIRA PINTO,Urbanas
inep-33001537,33001537,E M FAZ CACHOEIRA,rural,Itaperuna,,,,,,,,,,,em-atividade,INEP Microdados Censo Escolar 2025 v2 (Tabela_Escola_2025_V2.csv),2025,,alta,False,33001537,E M FAZENDA CACHOEIRA,Rurais
inep-33001626,33001626,E M JOSE DE PAULA NOGUEIRA,urbana,Itaperuna,,,,,,,,,,,em-atividade,INEP Microdados Censo Escolar 2025 v2 (Tabela_Escola_2025_V2.csv),2025,,alta,False,33001626,E M JOSE DE PAULA NOGUEIRA,Urbanas
inep-33001634,33001634,E M BEZERRA DE MENEZES,urbana,Itaperuna,,,,,,,,,,,em-atividade,INEP Microdados Censo Escolar 2025 v2 (Tabela_Escola_2025_V2.csv),2025,,alta,False,33001634,E M BEZERRA DE MENEZES,Urbanas
inep-33001642,33001642,E M LINCOLN BARBOSA DE CASTRO,urbana,Itaperuna,,,,,,,,,,,em-atividade,INEP Microdados Censo Escolar 2025 v2 (Tabela_Escola_2025_V2.csv),2025,,alta,False,33001642,E M LINCOLN BARBOSA DE CASTRO,Urbanas
inep-33001723,33001723,E M SAO JOSE DA PRACINHA,rural,Itaperuna,,,,,,,,,,,em-atividade,INEP Microdados Censo Escolar 2025 v2 (Tabela_Escola_2025_V2.csv),2025,,alta,False,33001723,E M SAO JOSE DA PRACINHA,Rurais
inep-33001731,33001731,E M SITIO SAO BENEDITO,urbana,Itaperuna,,,,,,,,,,,em-atividade,INEP Microdados Censo Escolar 2025 v2 (Tabela_Escola_2025_V2.csv),2025,,alta,False,33001731,E M SITIO SAO BENEDITO,Urbanas
inep-33001863,33001863,E M EMILIA GAZAL BUSSADE,rural,Itaperuna,,,,,,,,,,,em-atividade,INEP Microdados Censo Escolar 2025 v2 (Tabela_Escola_2025_V2.csv),2025,,alta,False,33001863,E M EMILIA GAZAL BUSSADE,Rurais
inep-33001928,33001928,CRECHE ESCOLA MUNICIPAL GREGORIO LOPES,urbana,Itaperuna,,,,,,,,,,,em-atividade,INEP Microdados Censo Escolar 2025 v2 (Tabela_Escola_2025_V2.csv),2025,,alta,False,33001928,CRECHE ESCOLA MUNICIPAL GREGORIO LOPES,Urbanas
inep-33001936,33001936,E M HUMBERTO DE CAMPOS,urbana,Itaperuna,,,,,,,,,,,em-atividade,INEP Microdados Censo Escolar 2025 v2 (Tabela_Escola_2025_V2.csv),2025,,alta,False,33001936,E M HUMBERTO DE CAMPOS,Urbanas
inep-33001987,33001987,E M NOSSA SRA DAS GRACAS,urbana,Itaperuna,,,,,,,,,,,em-atividade,INEP Microdados Censo Escolar 2025 v2 (Tabela_Escola_2025_V2.csv),2025,,alta,False,33001987,E M NOSSA SRA DAS GRACAS,Urbanas
inep-33001995,33001995,E M OSCAR JERONIMO DA SILVA,urbana,Itaperuna,,,,,,,,,,,em-atividade,INEP Microdados Censo Escolar 2025 v2 (Tabela_Escola_2025_V2.csv),2025,,alta,False,33001995,E M OSCAR JERONIMO DA SILVA,Urbanas
inep-33002010,33002010,E M PRESIDENTE VARGAS,rural,Itaperuna,,,,,,,,,,,em-atividade,INEP Microdados Censo Escolar 2025 v2 (Tabela_Escola_2025_V2.csv),2025,,alta,False,33002010,E M PRESIDENTE VARGAS,Rurais
inep-33002029,33002029,CRECHE ESCOLA MUNICIPAL ROSEANE GUIMARAES NOVATO,urbana,Itaperuna,,,,,,,,,,,em-atividade,INEP Microdados Censo Escolar 2025 v2 (Tabela_Escola_2025_V2.csv),2025,,alta,False,33002029,CRECHE ESCOLA MUNICIPAL ROSEANE GUIMARAES NOVATO,Urbanas
inep-33002045,33002045,E M VEREADOR ELZO GALVAO DA FRANCA,urbana,Itaperuna,,,,,,,,,,,em-atividade,INEP Microdados Censo Escolar 2025 v2 (Tabela_Escola_2025_V2.csv),2025,,alta,False,33002045,E M VEREADOR ELZO GALVAO DA FRANCA,Urbanas
inep-33002053,33002053,E M FRANCISCO DE MATTOS LIGIERO,urbana,Itaperuna,,,,,,,,,,,em-atividade,INEP Microdados Censo Escolar 2025 v2 (Tabela_Escola_2025_V2.csv),2025,,alta,False,33002053,E M FRANCISCO DE MATTOS LIGIERO,Urbanas
inep-33002061,33002061,CRECHE ESCOLA MUNICIPAL EDITH CONCEICAO DE OLIVEIRA,urbana,Itaperuna,,,,,,,,,,,em-atividade,INEP Microdados Censo Escolar 2025 v2 (Tabela_Escola_2025_V2.csv),2025,,alta,False,33002061,CRECHE ESCOLA MUNICIPAL EDITH CONCEICAO DE OLIVEIRA,Urbanas
inep-33002070,33002070,E M SAO JOSE,urbana,Itaperuna,,,,,,,,,,,em-atividade,INEP Microdados Censo Escolar 2025 v2 (Tabela_Escola_2025_V2.csv),2025,,alta,False,33002070,E M SAO JOSE,Urbanas
inep-33002118,33002118,J I M PROFª MARIA MADALENA MAGACHO DOS SANTOS,urbana,Itaperuna,,,,,,,,,,,em-atividade,INEP Microdados Censo Escolar 2025 v2 (Tabela_Escola_2025_V2.csv),2025,,alta,False,33002118,J I M PROFª MARIA MADALENA MAGACHO DOS SANTOS,Urbanas
inep-33002169,33002169,E M CORREGO DA CHICA,rural,Boaventura,,,,,,,,,,,em-atividade,INEP Microdados Censo Escolar 2025 v2 (Tabela_Escola_2025_V2.csv),2025,"nome: lista histórica 'ESCOLA MUNICIPAL PROFESSORA MARIA ROSA' | NEI Boa Ventura (Núcleo de Educação Inclusiva) é ANEXO desta unidade (Prefeitura de Itaperuna, 25/03/2025); não é escola independente — registrar só como vínculo institucional após revisão.",media,True,33002169,ESCOLA MUNICIPAL PROFESSORA MARIA ROSA,Rurais
inep-33002185,33002185,E M AGUAS CLARAS,urbana,Itaperuna,,,,,,,,,,,em-atividade,INEP Microdados Censo Escolar 2025 v2 (Tabela_Escola_2025_V2.csv),2025,,alta,False,33002185,E M AGUAS CLARAS,Urbanas
inep-33002290,33002290,E M COMENDADOR VENANCIO GARCIA,urbana,Comendador Venâncio,,,,,,,,,,,em-atividade,INEP Microdados Censo Escolar 2025 v2 (Tabela_Escola_2025_V2.csv),2025,,alta,False,33002290,E M COMENDADOR VENANCIO GARCIA,Urbanas
inep-33002444,33002444,ESCOLA MUNICIPAL CAPELINHA,rural,Itaperuna,,,,,,,,,,,em-atividade,INEP Microdados Censo Escolar 2025 v2 (Tabela_Escola_2025_V2.csv),2025,,alta,False,33002444,ESCOLA MUNICIPAL CAPELINHA,Rurais
inep-33002460,33002460,CRECHE ESCOLA MUNICIPAL VER AYRES FERREIRA AMARO,urbana,Comendador Venâncio,,,,,,,,,,,em-atividade,INEP Microdados Censo Escolar 2025 v2 (Tabela_Escola_2025_V2.csv),2025,,alta,False,33002460,CRECHE ESCOLA MUNICIPAL VER AYRES FERREIRA AMARO,Urbanas
inep-33002517,33002517,E M HERMENEGILDO TORRES PESSOA,rural,Itajara,,,,,,,,,,,em-atividade,INEP Microdados Censo Escolar 2025 v2 (Tabela_Escola_2025_V2.csv),2025,,alta,False,33002517,E M HERMENEGILDO TORRES PESSOA,Rurais
inep-33002533,33002533,E M CEL ADELINO GARCIA BASTOS,rural,Itajara,,,,,,,,,,,em-atividade,INEP Microdados Censo Escolar 2025 v2 (Tabela_Escola_2025_V2.csv),2025,,alta,False,33002533,E M CEL ADELINO GARCIA BASTOS,Rurais
inep-33002568,33002568,ESCOLA MUNICIPAL CORONEL JOSE CARDOSO,urbana,Itaperuna,,,,,,,,,,,em-atividade,INEP Microdados Censo Escolar 2025 v2 (Tabela_Escola_2025_V2.csv),2025,,alta,False,33002568,ESCOLA MUNICIPAL CORONEL JOSE CARDOSO,Urbanas
inep-33002584,33002584,E M SAO SEBASTIAO DA BOA VISTA,rural,Itajara,,,,,,,,,,,em-atividade,INEP Microdados Censo Escolar 2025 v2 (Tabela_Escola_2025_V2.csv),2025,,alta,False,33002584,E M SAO SEBASTIAO DA BOA VISTA,Rurais
inep-33002649,33002649,E M CORREGO SECO,rural,Nossa Senhora da Penha,,,,,,,,,,,em-atividade,INEP Microdados Censo Escolar 2025 v2 (Tabela_Escola_2025_V2.csv),2025,,alta,False,33002649,E M CORREGO SECO,Rurais
inep-33002754,33002754,E M JOSE RODRIGUES D ALMEIDA GRACA,rural,Nossa Senhora da Penha,,,,,,,,,,,em-atividade,INEP Microdados Censo Escolar 2025 v2 (Tabela_Escola_2025_V2.csv),2025,,alta,False,33002754,E M JOSE RODRIGUES D ALMEIDA GRACA,Rurais
inep-33002916,33002916,E M CORREGO DO OLEO,rural,Retiro do Muriaé,,,,,,,,,,,em-atividade,INEP Microdados Censo Escolar 2025 v2 (Tabela_Escola_2025_V2.csv),2025,,alta,False,33002916,E M CORREGO DO OLEO,Rurais
inep-33002967,33002967,E M JOAQUIM DE OLIVEIRA CAMARA,urbana,Retiro do Muriaé,,,,,,,,,,,em-atividade,INEP Microdados Censo Escolar 2025 v2 (Tabela_Escola_2025_V2.csv),2025,,alta,False,33002967,E M JOAQUIM DE OLIVEIRA CAMARA,Urbanas
inep-33094756,33094756,CIEP BRIZOLAO 264 HENRIETE MORINEAU,urbana,Itaperuna,,,,,,,,,,,em-atividade,INEP Microdados Censo Escolar 2025 v2 (Tabela_Escola_2025_V2.csv),2025,,alta,False,33094756,CIEP BRIZOLAO 264 HENRIETE MORINEAU,Urbanas
inep-33096589,33096589,E MZ CIEP BRIZOLAO 467 HENRIETT AMADO,urbana,Itaperuna,,,,,,,,,,,em-atividade,INEP Microdados Censo Escolar 2025 v2 (Tabela_Escola_2025_V2.csv),2025,nome: lista histórica 'ESCOLA MUNICIPALIZADA CIEP BRIZOLAO 467 HENRIETT AMADO',media,True,33096589,ESCOLA MUNICIPALIZADA CIEP BRIZOLAO 467 HENRIETT AMADO,Urbanas
inep-33097461,33097461,E M JOSE FERREIRA SALLES,urbana,Itaperuna,,,,,,,,,,,em-atividade,INEP Microdados Censo Escolar 2025 v2 (Tabela_Escola_2025_V2.csv),2025,,alta,False,33097461,E M JOSE FERREIRA SALLES,Urbanas
inep-33099871,33099871,E M THEODOMIRO SOUZA COELHO,urbana,Itaperuna,,,,,,,,,,,em-atividade,INEP Microdados Censo Escolar 2025 v2 (Tabela_Escola_2025_V2.csv),2025,,alta,False,33099871,E M THEODOMIRO SOUZA COELHO,Urbanas
inep-33159505,33159505,E M SANTA PAZ,urbana,Raposo,,,,,,,,,,,em-atividade,INEP Microdados Censo Escolar 2025 v2 (Tabela_Escola_2025_V2.csv),2025,,alta,False,33159505,E M SANTA PAZ,Urbanas
inep-33185689,33185689,ESCOLA MUNICIPAL VALAO DAS FOLHAS II,urbana,Itaperuna,,,,,,,,,,,em-atividade,INEP Microdados Censo Escolar 2025 v2 (Tabela_Escola_2025_V2.csv),2025,,alta,False,33185689,ESCOLA MUNICIPAL VALAO DAS FOLHAS II,Urbanas
